[{"jid":"6289655478810@s.whatsapp.net","xp":265825,"level":6},{"jid":"6285668190592@s.whatsapp.net","xp":2515,"level":1},{"jid":"17157213186@s.whatsapp.net","xp":3538,"level":1},{"jid":"6281259129877@s.whatsapp.net","xp":1007,"level":1},{"jid":"6289517258175@s.whatsapp.net","xp":506,"level":1},{"jid":"6283172209538@s.whatsapp.net","xp":1012,"level":1},{"jid":"6285795240468@s.whatsapp.net","xp":503,"level":1},{"jid":"6282246586611@s.whatsapp.net","xp":2018,"level":1},{"jid":"6282387804410@s.whatsapp.net","xp":31810,"level":3},{"jid":"6282171410554@s.whatsapp.net","xp":10094,"level":2},{"jid":"6287776032658@s.whatsapp.net","xp":1509,"level":1},{"jid":"6282155483269@s.whatsapp.net","xp":2519,"level":1},{"jid":"6285784244650@s.whatsapp.net","xp":502,"level":1},{"jid":"62812324381350@s.whatsapp.net","xp":1511,"level":1},{"jid":"6282392166099@s.whatsapp.net","xp":1016,"level":1},{"jid":"6282156986313@s.whatsapp.net","xp":2530,"level":1},{"jid":"6281368327201@s.whatsapp.net","xp":507,"level":1},{"jid":"6287720646259@s.whatsapp.net","xp":20165,"level":3},{"jid":"6285364937006@s.whatsapp.net","xp":5557,"level":2},{"jid":"6282198571732@s.whatsapp.net","xp":32327,"level":3},{"jid":"18552200193@s.whatsapp.net","xp":5560,"level":2},{"jid":"6285850834137@s.whatsapp.net","xp":11101,"level":2},{"jid":"6282280771747@s.whatsapp.net","xp":3544,"level":1},{"jid":"6283175202306@s.whatsapp.net","xp":12115,"level":2},{"jid":"6285777539096@s.whatsapp.net","xp":6075,"level":2},{"jid":"6282284623351@s.whatsapp.net","xp":2010,"level":1},{"jid":"6281632138901@s.whatsapp.net","xp":4025,"level":1},{"jid":"6285703376807@s.whatsapp.net","xp":1502,"level":1},{"jid":"62895801181650@s.whatsapp.net","xp":21683,"level":3},{"jid":"6285706201862@s.whatsapp.net","xp":502,"level":1},{"jid":"6283848436988@s.whatsapp.net","xp":8583,"level":2},{"jid":"62881038322946@s.whatsapp.net","xp":1003,"level":1},{"jid":"6285839347826@s.whatsapp.net","xp":3526,"level":1},{"jid":"6289648841630@s.whatsapp.net","xp":510,"level":1},{"jid":"628886918066@s.whatsapp.net","xp":2014,"level":1},{"jid":"6285834203931@s.whatsapp.net","xp":1013,"level":1},{"jid":"6282339785168@s.whatsapp.net","xp":3031,"level":1},{"jid":"6289678437157@s.whatsapp.net","xp":1018,"level":1},{"jid":"6282159534244@s.whatsapp.net","xp":1517,"level":1},{"jid":"6281310734653@s.whatsapp.net","xp":1504,"level":1},{"jid":"6287875273736@s.whatsapp.net","xp":506,"level":1},{"jid":"6283101147415@s.whatsapp.net","xp":501,"level":1},{"jid":"628882673538@s.whatsapp.net","xp":3024,"level":1},{"jid":"6282252922249@s.whatsapp.net","xp":1010,"level":1},{"jid":"6289630267388@s.whatsapp.net","xp":5547,"level":2},{"jid":"6281312524080@s.whatsapp.net","xp":1018,"level":1},{"jid":"6289520052020@s.whatsapp.net","xp":505,"level":1},{"jid":"6282339286566@s.whatsapp.net","xp":505,"level":1},{"jid":"6285817670515@s.whatsapp.net","xp":506,"level":1},{"jid":"6281997205079@s.whatsapp.net","xp":504,"level":1},{"id":"6289655478810@s.whatsapp.net","xp":61513,"level":4},{"id":"6281355713640@s.whatsapp.net","xp":8066,"level":2},{"id":"6282387804410@s.whatsapp.net","xp":66617,"level":4},{"id":"62822551230810@s.whatsapp.net","xp":86344,"level":5},{"id":"6287704509644@s.whatsapp.net","xp":3540,"level":1},{"id":"6289602014045@s.whatsapp.net","xp":31784,"level":3},{"id":"17622463279@s.whatsapp.net","xp":9105,"level":2},{"id":"6282268995248@s.whatsapp.net","xp":4026,"level":1},{"id":"628165466368@s.whatsapp.net","xp":13657,"level":2},{"id":"6282265118646@s.whatsapp.net","xp":29751,"level":3},{"id":"6288744329890@s.whatsapp.net","xp":1014,"level":1},{"id":"6285807107404@s.whatsapp.net","xp":24714,"level":3},{"id":"6281315337719@s.whatsapp.net","xp":3029,"level":1},{"id":"6289697049691@s.whatsapp.net","xp":510,"level":1},{"id":"6282272422233@s.whatsapp.net","xp":3541,"level":1},{"id":"6282181091601@s.whatsapp.net","xp":3039,"level":1},{"id":"6282269168767@s.whatsapp.net","xp":2514,"level":1},{"id":"6281262826856@s.whatsapp.net","xp":504,"level":1},{"id":"6285740961787@s.whatsapp.net","xp":3532,"level":1},{"id":"6285777539096@s.whatsapp.net","xp":2525,"level":1},{"id":"6281991303442@s.whatsapp.net","xp":38338,"level":4},{"id":"6281214907084@s.whatsapp.net","xp":1013,"level":1},{"id":"62881038322946@s.whatsapp.net","xp":1011,"level":1},{"id":"62857303430648@s.whatsapp.net","xp":4523,"level":1},{"id":"6282198571732@s.whatsapp.net","xp":3539,"level":1},{"id":"18552200193@s.whatsapp.net","xp":3530,"level":1},{"id":"6281395908381@s.whatsapp.net","xp":24728,"level":3},{"id":"6285329091289@s.whatsapp.net","xp":1004,"level":1},{"id":"6285942270884@s.whatsapp.net","xp":504,"level":1},{"id":"6285524627437@s.whatsapp.net","xp":40372,"level":4},{"id":"6283160539156@s.whatsapp.net","xp":1009,"level":1},{"id":"6285782026550@s.whatsapp.net","xp":22720,"level":3},{"id":"6281649182855@s.whatsapp.net","xp":21676,"level":3},{"id":"6285366303284@s.whatsapp.net","xp":17151,"level":3},{"id":"62895801181650@s.whatsapp.net","xp":43384,"level":4},{"id":"6289688363598@s.whatsapp.net","xp":10073,"level":2},{"id":"6285853829039@s.whatsapp.net","xp":5050,"level":2},{"id":"6287879430409@s.whatsapp.net","xp":5036,"level":2},{"id":"6285890298925@s.whatsapp.net","xp":2518,"level":1},{"id":"6285779634250@s.whatsapp.net","xp":508,"level":1},{"id":"6289608322556@s.whatsapp.net","xp":2023,"level":1},{"id":"6289613022069@s.whatsapp.net","xp":1523,"level":1},{"id":"6283149909283@s.whatsapp.net","xp":1515,"level":1},{"id":"6289504652029@s.whatsapp.net","xp":6571,"level":2},{"id":"6283144926956@s.whatsapp.net","xp":1513,"level":1},{"id":"6288224548153@s.whatsapp.net","xp":2031,"level":1},{"id":"6289520052020@s.whatsapp.net","xp":503,"level":1},{"id":"6281275545040@s.whatsapp.net","xp":508,"level":1},{"id":"6289503740700@s.whatsapp.net","xp":508,"level":1},{"id":"6282118484363@s.whatsapp.net","xp":1009,"level":1},{"id":"6282192226854@s.whatsapp.net","xp":2020,"level":1},{"id":"62881036465576@s.whatsapp.net","xp":502,"level":1},{"id":"6285710798540@s.whatsapp.net","xp":6575,"level":2},{"id":"6281558016717@s.whatsapp.net","xp":507,"level":1},{"id":"6289666892929@s.whatsapp.net","xp":508,"level":1},{"id":"6281257276243@s.whatsapp.net","xp":507,"level":1},{"id":"6281325269047@s.whatsapp.net","xp":508,"level":1},{"id":"62895395342125@s.whatsapp.net","xp":9596,"level":2},{"id":"6289629117792@s.whatsapp.net","xp":27252,"level":3},{"id":"6282195807649@s.whatsapp.net","xp":508,"level":1},{"id":"6285806476502@s.whatsapp.net","xp":1012,"level":1},{"id":"6285263914780@s.whatsapp.net","xp":18670,"level":3},{"id":"6282252286030@s.whatsapp.net","xp":2538,"level":1},{"id":"6289698129024@s.whatsapp.net","xp":1517,"level":1},{"id":"62895395091415@s.whatsapp.net","xp":506,"level":1},{"id":"6289678437157@s.whatsapp.net","xp":32803,"level":3},{"id":"6281901961537@s.whatsapp.net","xp":28765,"level":3},{"id":"6285839347826@s.whatsapp.net","xp":502,"level":1},{"id":"6285342977751@s.whatsapp.net","xp":3538,"level":1},{"id":"6285781028060@s.whatsapp.net","xp":4549,"level":1},{"id":"6287738181952@s.whatsapp.net","xp":1516,"level":1},{"id":"6282273523438@s.whatsapp.net","xp":501,"level":1},{"id":"6289676800495@s.whatsapp.net","xp":1006,"level":1},{"id":"6282394605156@s.whatsapp.net","xp":1014,"level":1},{"id":"6282283456523@s.whatsapp.net","xp":41830,"level":4},{"id":"6283873403884@s.whatsapp.net","xp":510,"level":1},{"id":"6285259622026@s.whatsapp.net","xp":6060,"level":2},{"id":"6289502842758@s.whatsapp.net","xp":1012,"level":1},{"id":"6287888707011@s.whatsapp.net","xp":510,"level":1},{"id":"6281632138901@s.whatsapp.net","xp":58576,"level":4},{"id":"628986173372@s.whatsapp.net","xp":1011,"level":1},{"id":"6289608679732@s.whatsapp.net","xp":25764,"level":3},{"id":"6285921727213@s.whatsapp.net","xp":502,"level":1},{"id":"6283171212723@s.whatsapp.net","xp":6042,"level":2},{"id":"6282172063298@s.whatsapp.net","xp":13103,"level":2},{"id":"6281293523757@s.whatsapp.net","xp":507,"level":1},{"id":"6287749551783@s.whatsapp.net","xp":510,"level":1},{"id":"6281947954980@s.whatsapp.net","xp":1008,"level":1},{"id":"6287720646259@s.whatsapp.net","xp":2523,"level":1},{"id":"6282252922249@s.whatsapp.net","xp":510,"level":1},{"id":"6282339785168@s.whatsapp.net","xp":48401,"level":4},{"id":"601136430494@s.whatsapp.net","xp":6559,"level":2},{"id":"6283805886663@s.whatsapp.net","xp":2025,"level":1},{"id":"6281901968466@s.whatsapp.net","xp":1004,"level":1},{"id":"6285523781140@s.whatsapp.net","xp":8093,"level":2},{"id":"6285810462881@s.whatsapp.net","xp":510,"level":1},{"id":"6288247510068@s.whatsapp.net","xp":1501,"level":1},{"id":"6285651098691@s.whatsapp.net","xp":504,"level":1},{"id":"601124221815@s.whatsapp.net","xp":509,"level":1},{"id":"6285838859033@s.whatsapp.net","xp":1512,"level":1},{"id":"6282116190792@s.whatsapp.net","xp":504,"level":1}]